 {
	"AccessID-Shared with customer": {
        "Name"			: "Customer's Name",
        "Sex"           : "M/W/E",
        "ProfilePhotoID" : "0", 
        "Social-Media Entries" 	: "url"
    },

	"1297": {
        "Name"	: "Ahmad Hassan Mirza",
        "Sex"   : "M",
        "ProfilePhotoID" : "131088",
        "Instagram"	: "https://www.instagram.com/ahm_adhm/",
        "Facebook"	: "https://www.facebook.com/ahmadhassan.mirza",
	"Linkedin"	: "https://www.linkedin.com/in/ahmad-hassan-mirza-50176946/"
    },

	"6969": {
        "Name"	: "Dummy_User",
        "Sex"   : "F",
        "ProfilePhotoID" : "0",
        "Instagram"	: "https://www.instagram.com/magda.rakova",
        "Facebook"  : "https://www.facebook.com",
        "Linkedin"  : "https://www.linkedin.com"
    }
}
